timestamp,GHI_Real,XGBoost,Mamdani,Sugeno
2024-01-01 00:00:00,0.0,1.0543545,3.333863497974237,0.0
2024-01-01 01:00:00,0.0,3.1361635,3.334569268311298,0.0
2024-01-01 02:00:00,0.0,3.2015111,3.4474909035764694,0.0
2024-01-01 03:00:00,0.0,1.6453712,4.851291804372129,0.0
2024-01-01 04:00:00,0.0,-3.261107,256.3235375493005,0.0
2024-01-01 05:00:00,0.0,-1.5771139,346.7141782638568,0.0
2024-01-01 06:00:00,40.0,46.4046,346.6337714441962,96.96453046605377
2024-01-01 07:00:00,51.5,240.11859,431.8291044198506,244.40387535592367
2024-01-01 08:00:00,225.25,435.33133,446.91685477661395,342.42455889421313
2024-01-01 09:00:00,234.5,580.32153,460.7033560903197,350.18947287969814
2024-01-01 10:00:00,392.25,656.85846,514.234698043323,306.188135444356
2024-01-01 11:00:00,307.25,554.9884,545.5171517254645,384.3238539618417
2024-01-01 12:00:00,458.25,558.56555,458.1098591128352,241.8972690567684
2024-01-01 13:00:00,269.0,549.8104,476.64189805525876,259.6891574626237
2024-01-01 14:00:00,213.25,383.495,477.4683571159303,222.46594409339065
2024-01-01 15:00:00,133.0,262.27005,352.6751804324995,160.7354817403506
2024-01-01 16:00:00,96.25,133.97705,253.32254261523022,107.50863593922239
2024-01-01 17:00:00,72.75,65.427025,250.60261216182815,62.04945092301263
2024-01-01 18:00:00,0.0,0.5267824,152.02334521993458,0.0
2024-01-01 19:00:00,0.0,-0.09234296,149.4808944056371,0.0
2024-01-01 20:00:00,0.0,-0.20782587,114.1031852792617,0.0
2024-01-01 21:00:00,0.0,0.37278533,4.851291804372136,0.0
2024-01-01 22:00:00,0.0,0.100126326,3.44749090357647,0.0
2024-01-01 23:00:00,0.0,0.8478136,3.334569268311298,0.0
2024-01-02 00:00:00,0.0,0.2634701,3.333863497974237,0.0
2024-01-02 01:00:00,0.0,2.1228747,3.334569268311298,0.0
2024-01-02 02:00:00,0.0,2.2060032,3.4474909035764694,0.0
2024-01-02 03:00:00,0.0,1.7109663,4.851291804372129,0.0
2024-01-02 04:00:00,0.0,2.9058735,256.3235375493005,0.0
2024-01-02 05:00:00,0.0,-1.0441501,348.21160669819807,0.0
2024-01-02 06:00:00,97.5,92.96753,356.96735300249304,355.62268104025253
2024-01-02 07:00:00,321.5,308.88327,645.5890338078987,612.6584580253495
2024-01-02 08:00:00,449.75,510.7167,692.8482733708579,710.9638301109529
2024-01-02 09:00:00,681.25,709.9076,746.3573156192715,849.6478989216976
2024-01-02 10:00:00,830.5,866.3737,838.889803644745,894.4080471928512
2024-01-02 11:00:00,912.5,921.3648,843.6834889870747,902.081299318286
2024-01-02 12:00:00,866.75,898.3091,825.7450289669472,888.7423786465491
2024-01-02 13:00:00,868.5,847.7268,858.3754230323464,918.9508793877517
2024-01-02 14:00:00,794.25,718.9527,792.6961220548336,884.9423112632873
2024-01-02 15:00:00,556.75,546.9026,586.5998000849956,810.1630096606564
2024-01-02 16:00:00,292.75,274.71378,477.7792612177933,647.4240393171325
2024-01-02 17:00:00,110.75,96.20701,423.6857665915257,381.7702850974097
2024-01-02 18:00:00,0.0,0.5561583,161.90014130299366,217.3384997873793
2024-01-02 19:00:00,0.0,1.328927,154.45558528773398,0.0
2024-01-02 20:00:00,0.0,0.77305704,114.1031852792617,0.0
2024-01-02 21:00:00,0.0,-0.6628218,4.851291804372136,0.0
2024-01-02 22:00:00,0.0,-0.34854466,3.44749090357647,0.0
2024-01-02 23:00:00,0.0,-0.02344096,3.334569268311298,0.0
2024-01-03 00:00:00,0.0,-0.38778567,3.333863497974237,0.0
2024-01-03 01:00:00,0.0,9.097887,3.334569268311298,0.0
2024-01-03 02:00:00,0.0,11.90985,3.4474909035764694,0.0
2024-01-03 03:00:00,0.0,-0.056959175,4.851291804372129,0.0
2024-01-03 04:00:00,0.0,0.8223418,256.3235375493005,0.0
2024-01-03 05:00:00,0.0,-2.000176,349.94744076252636,0.0
2024-01-03 06:00:00,112.75,98.7765,355.95709669800243,382.8491145427338
2024-01-03 07:00:00,354.5,332.86026,651.0147635153905,650.4881439964064
2024-01-03 08:00:00,572.75,479.9081,572.4744809763633,578.8744598673785
2024-01-03 09:00:00,750.75,728.5506,716.4621347564939,820.8451474048675
2024-01-03 10:00:00,856.25,814.33716,667.7396309094418,659.0175237748151
2024-01-03 11:00:00,908.0,883.5777,793.2208210162709,846.430036693485
2024-01-03 12:00:00,762.5,871.9303,680.1398650559727,704.4044344356242
2024-01-03 13:00:00,750.0,830.333,769.0078477767997,817.1664253517622
2024-01-03 14:00:00,658.0,689.74225,725.4233922378413,783.316538501174
2024-01-03 15:00:00,454.75,545.1899,596.5737443897902,826.5673784701352
2024-01-03 16:00:00,335.75,322.85974,536.8273547059302,742.4170742694242
2024-01-03 17:00:00,120.25,113.87018,464.23903094814636,517.1653509850235
2024-01-03 18:00:00,0.0,0.49175873,159.43951213922952,251.31117567939646
2024-01-03 19:00:00,0.0,-0.21191573,154.45558528773398,0.0
2024-01-03 20:00:00,0.0,0.5973023,114.1031852792617,0.0
2024-01-03 21:00:00,0.0,0.015043259,4.851291804372136,0.0
2024-01-03 22:00:00,0.0,-0.11179985,3.44749090357647,0.0
2024-01-03 23:00:00,0.0,-0.090962306,3.334569268311298,0.0
2024-01-04 00:00:00,0.0,-0.38778567,3.333863497974237,0.0
2024-01-04 01:00:00,0.0,11.844504,3.334569268311298,0.0
2024-01-04 02:00:00,0.0,11.834905,3.4474909035764694,0.0
2024-01-04 03:00:00,0.0,10.501723,4.851291804372129,0.0
2024-01-04 04:00:00,0.0,1.453065,256.3235375493005,0.0
2024-01-04 05:00:00,0.0,-0.8206868,349.94744076252636,0.0
2024-01-04 06:00:00,106.25,94.6652,356.4696612597936,362.90778798442943
2024-01-04 07:00:00,316.0,304.56607,623.0950078376786,553.6671268421059
2024-01-04 08:00:00,571.5,541.36597,751.6685736652781,797.0719112260258
2024-01-04 09:00:00,743.0,719.3652,735.6842745726423,842.377189092193
2024-01-04 10:00:00,886.0,881.0517,812.0614794304079,864.9562201151708
2024-01-04 11:00:00,882.5,916.58484,813.1431790221345,870.7377140593336
2024-01-04 12:00:00,901.75,880.1273,795.2218696475645,855.1277204735453
2024-01-04 13:00:00,848.25,824.3067,789.7477930021838,843.531252937527
2024-01-04 14:00:00,809.0,739.17786,779.6349358734866,876.8941534364335
2024-01-04 15:00:00,599.5,575.89514,593.2217849651182,824.8418557142109
2024-01-04 16:00:00,286.5,353.58612,531.9045849592906,741.122776827585
2024-01-04 17:00:00,191.5,106.10187,455.275457622598,472.9864407078768
2024-01-04 18:00:00,0.0,0.54571986,159.44119540608844,244.32760026306948
2024-01-04 19:00:00,0.0,0.14246228,154.45558528773398,0.0
2024-01-04 20:00:00,0.0,-0.59439635,114.1031852792617,0.0
2024-01-04 21:00:00,0.0,0.17655477,4.851291804372136,0.0
2024-01-04 22:00:00,0.0,0.5586403,3.44749090357647,0.0
2024-01-04 23:00:00,0.0,-0.11673726,3.334569268311298,0.0
2024-01-05 00:00:00,0.0,-0.090962306,3.333863497974237,0.0
2024-01-05 01:00:00,0.0,12.359209,3.334569268311298,0.0
2024-01-05 02:00:00,0.0,11.957738,3.4474909035764694,0.0
2024-01-05 03:00:00,0.0,3.824494,4.851291804372129,0.0
2024-01-05 04:00:00,0.0,1.0096605,256.3235375493005,0.0
2024-01-05 05:00:00,0.0,-2.0498562,349.94744076252636,0.0
2024-01-05 06:00:00,112.25,97.76674,355.95709669800243,382.8495433462399
2024-01-05 07:00:00,356.75,317.92657,651.0147635153905,649.6429321021892
2024-01-05 08:00:00,600.25,572.1881,761.5529559393973,812.6533826521604
2024-01-05 09:00:00,807.0,768.34406,766.8048023717358,876.9581987820086
2024-01-05 10:00:00,957.25,966.8005,851.2038953192024,919.4049976085282
2024-01-05 11:00:00,1037.0,1025.2261,881.5200339320412,946.6637482589806
2024-01-05 12:00:00,1039.75,939.5351,853.3733184795744,920.588300524093
2024-01-05 13:00:00,914.75,911.0923,862.536075160075,925.3076760009087
2024-01-05 14:00:00,819.5,799.7934,785.0165078307908,890.5584529534804
2024-01-05 15:00:00,570.75,606.54956,605.7116766764256,838.9049282505398
2024-01-05 16:00:00,325.0,338.92026,521.3728884667402,737.591374616877
2024-01-05 17:00:00,95.25,112.21826,460.7628344240543,486.7307100879308
2024-01-05 18:00:00,0.0,0.57774913,159.43951213922952,246.8543401893614
2024-01-05 19:00:00,0.0,0.8937564,154.45558528773398,0.0
2024-01-05 20:00:00,0.0,-1.0846573,114.1031852792617,0.0
2024-01-05 21:00:00,0.0,0.107706666,4.851291804372136,0.0
2024-01-05 22:00:00,0.0,0.8375866,3.44749090357647,0.0
2024-01-05 23:00:00,0.0,0.1567403,3.334569268311298,0.0
2024-01-06 00:00:00,0.0,-0.090962306,3.333863497974237,0.0
2024-01-06 01:00:00,0.0,12.06981,3.334569268311298,0.0
2024-01-06 02:00:00,0.0,9.727256,3.4474909035764694,0.0
2024-01-06 03:00:00,0.0,10.998847,4.851291804372129,0.0
2024-01-06 04:00:00,0.0,-1.5621233,256.3235375493005,0.0
2024-01-06 05:00:00,0.0,-1.1032122,349.94744076252636,0.0
2024-01-06 06:00:00,100.0,91.48379,356.17238531897317,369.6914927685529
2024-01-06 07:00:00,350.25,331.3146,649.6220684295215,637.048661322304
2024-01-06 08:00:00,593.75,564.60333,761.5529559393973,812.6533826521603
2024-01-06 09:00:00,710.75,725.1314,710.4303579204301,818.3741335484652
2024-01-06 10:00:00,828.25,886.1107,755.0914779087165,783.9640019707124
2024-01-06 11:00:00,924.25,935.6588,849.2041874926664,911.3481427459348
2024-01-06 12:00:00,952.75,930.82764,833.9066860871707,900.1113620064909
2024-01-06 13:00:00,840.0,869.81464,827.1831453911927,887.2756412360515
2024-01-06 14:00:00,754.25,741.0318,764.4809348286605,853.2674468560729
2024-01-06 15:00:00,544.5,557.64545,544.6556844861512,778.1398977153863
2024-01-06 16:00:00,341.75,357.26364,537.4710073435717,756.6097436822179
2024-01-06 17:00:00,105.75,109.7363,460.7628344240543,487.1839935643421
2024-01-06 18:00:00,0.0,0.55115485,159.46612158196788,236.1071131354198
2024-01-06 19:00:00,0.0,0.4072463,154.45558528773398,0.0
2024-01-06 20:00:00,0.0,-0.04882681,114.1031852792617,0.0
2024-01-06 21:00:00,0.0,-0.123262346,4.851291804372136,0.0
2024-01-06 22:00:00,0.0,0.16714607,3.44749090357647,0.0
2024-01-06 23:00:00,0.0,-0.7648791,3.334569268311298,0.0
2024-01-07 00:00:00,0.0,-0.13167007,3.333863497974237,0.0
2024-01-07 01:00:00,0.0,8.840809,3.334569268311298,0.0
2024-01-07 02:00:00,0.0,11.957738,3.4474909035764694,0.0
2024-01-07 03:00:00,0.0,11.092542,4.851291804372129,0.0
2024-01-07 04:00:00,0.0,4.9690857,256.3235375493005,0.0
2024-01-07 05:00:00,0.0,-0.62354136,349.94744076252636,0.0
2024-01-07 06:00:00,109.5,97.132416,355.95709669800243,382.838705177728
2024-01-07 07:00:00,356.0,333.08932,651.0147635153905,650.6384905739905
2024-01-07 08:00:00,602.25,565.82446,763.3863058857635,813.7127435780603
2024-01-07 09:00:00,811.25,787.3376,783.0700274650965,893.388169955211
2024-01-07 10:00:00,963.5,965.08105,851.5963500345343,919.7079015477755
2024-01-07 11:00:00,999.0,1003.6872,866.4058285751241,930.3461869518192
2024-01-07 12:00:00,985.5,996.8329,870.6483375687075,938.7807387173071
2024-01-07 13:00:00,972.5,923.55005,862.4601167088088,925.2186063751673
2024-01-07 14:00:00,759.0,745.4362,764.1818407082924,853.0174999201159
2024-01-07 15:00:00,583.0,606.9747,606.8250333663558,839.6480568489771
2024-01-07 16:00:00,356.25,341.4471,524.4793031103129,738.7544787944602
2024-01-07 17:00:00,125.0,108.56097,458.30380483826275,482.89045732006656
2024-01-07 18:00:00,0.0,0.54571986,159.5641372479134,234.59332746038783
2024-01-07 19:00:00,0.0,0.3780696,154.45558528773398,0.0
2024-01-07 20:00:00,0.0,0.6044158,114.1031852792617,0.0
2024-01-07 21:00:00,0.0,-0.40220827,4.851291804372136,0.0
2024-01-07 22:00:00,0.0,-0.40862322,3.44749090357647,0.0
2024-01-07 23:00:00,0.0,-0.41356063,3.334569268311298,0.0
2024-01-08 00:00:00,0.0,-0.38778567,3.333863497974237,0.0
2024-01-08 01:00:00,0.0,12.4341545,3.334569268311298,0.0
2024-01-08 02:00:00,0.0,12.205321,3.4474909035764694,0.0
2024-01-08 03:00:00,0.0,11.02768,4.851291804372129,0.0
2024-01-08 04:00:00,0.0,13.735049,256.3235375493005,0.0
2024-01-08 05:00:00,0.0,-1.4158819,349.94744076252636,0.0
2024-01-08 06:00:00,108.5,99.061226,355.94296256209685,388.91966886779477
2024-01-08 07:00:00,356.0,332.35846,652.0825144917961,661.378621496592
2024-01-08 08:00:00,601.75,564.676,772.9411708673729,828.528481596303
2024-01-08 09:00:00,809.0,784.7327,781.9682502653448,892.8556025538902
2024-01-08 10:00:00,959.5,890.2379,824.2152006509524,884.3287093086294
2024-01-08 11:00:00,901.25,884.98926,790.7236210181849,843.3314403437595
2024-01-08 12:00:00,803.25,920.22797,745.2674738842568,796.1461129256652
2024-01-08 13:00:00,570.25,851.6365,764.8836933382261,813.7376273660874
2024-01-08 14:00:00,614.25,711.75006,719.4193058255123,780.2255415982153
2024-01-08 15:00:00,602.25,558.47626,590.6612566540323,823.465533247887
2024-01-08 16:00:00,350.25,336.3087,528.659386385137,740.1539914459502
2024-01-08 17:00:00,113.5,109.47413,458.30380483826275,483.08400226798693
2024-01-08 18:00:00,0.0,0.57864374,159.43951213922952,249.3275820340549
2024-01-08 19:00:00,0.0,0.32046244,154.45558528773398,0.0
2024-01-08 20:00:00,0.0,0.8862721,114.1031852792617,0.0
2024-01-08 21:00:00,0.0,0.55586195,4.851291804372136,0.0
2024-01-08 22:00:00,0.0,0.5586403,3.44749090357647,0.0
2024-01-08 23:00:00,0.0,-0.11673726,3.334569268311298,0.0
2024-01-09 00:00:00,0.0,-0.090962306,3.333863497974237,0.0
2024-01-09 01:00:00,0.0,12.359209,3.334569268311298,0.0
2024-01-09 02:00:00,0.0,11.315525,3.4474909035764694,0.0
2024-01-09 03:00:00,0.0,11.092542,4.851291804372129,0.0
2024-01-09 04:00:00,0.0,1.7094715,256.3235375493005,0.0
2024-01-09 05:00:00,0.0,-2.5840788,349.94744076252636,0.0
2024-01-09 06:00:00,102.25,100.455315,355.94296256209685,388.9134857418817
2024-01-09 07:00:00,344.75,317.0569,652.0825144917961,660.2769142591593
2024-01-09 08:00:00,590.0,577.0812,770.5554428306084,827.1436666743065
2024-01-09 09:00:00,798.25,771.31775,779.0588941199001,891.4844150074917
2024-01-09 10:00:00,950.75,956.8067,865.68195154272,933.2316062082103
2024-01-09 11:00:00,1034.25,994.0204,865.6974166436657,929.5939990512413
2024-01-09 12:00:00,996.25,934.59546,852.5880343617549,919.6977267346908
2024-01-09 13:00:00,966.75,947.4911,877.0148814849207,940.4195358566018
2024-01-09 14:00:00,736.0,722.7332,752.5429637806828,829.8307054833969
2024-01-09 15:00:00,496.75,553.0008,565.0451793334847,800.4334169354893
2024-01-09 16:00:00,325.0,339.8693,505.31257037436575,717.933150168209
2024-01-09 17:00:00,129.0,122.87723,464.23903094814636,501.2501776088611
2024-01-09 18:00:00,0.0,0.5870409,159.5641372479134,229.39199572332214
2024-01-09 19:00:00,0.0,2.195618,154.45558528773398,0.0
2024-01-09 20:00:00,0.0,0.49328893,114.1031852792617,0.0
2024-01-09 21:00:00,0.0,-1.033142,4.851291804372136,0.0
2024-01-09 22:00:00,0.0,0.42033488,3.44749090357647,0.0
2024-01-09 23:00:00,0.0,0.8271808,3.334569268311298,0.0
2024-01-10 00:00:00,0.0,-0.13585706,3.333863497974237,0.0
2024-01-10 01:00:00,0.0,12.068567,3.334569268311298,0.0
2024-01-10 02:00:00,0.0,12.068567,3.4474909035764694,0.0
2024-01-10 03:00:00,0.0,8.960168,4.851291804372129,0.0
2024-01-10 04:00:00,0.0,-3.731647,256.3235375493005,0.0
2024-01-10 05:00:00,0.0,-2.2302039,349.94744076252636,0.0
2024-01-10 06:00:00,98.25,101.39422,355.9429705025195,394.8847756763439
2024-01-10 07:00:00,308.75,304.1247,639.4950100739353,573.8202820358287
2024-01-10 08:00:00,584.25,557.6317,775.4456091885554,830.0210163973987
2024-01-10 09:00:00,793.5,777.1825,785.4654085244481,894.5690777533257
2024-01-10 10:00:00,945.75,955.0558,868.9579632997868,935.8835510702883
2024-01-10 11:00:00,980.5,928.96466,851.59138323873,913.7279644452302
2024-01-10 12:00:00,872.5,938.0527,855.784461909567,923.1848726908252
2024-01-10 13:00:00,772.75,845.72314,766.7019929547163,815.2568657395711
2024-01-10 14:00:00,711.0,668.4847,742.6062103761157,809.4156728819186
2024-01-10 15:00:00,472.5,519.87476,497.461038926942,698.0303391345595
2024-01-10 16:00:00,338.75,312.20163,499.13405926374196,698.733941674694
2024-01-10 17:00:00,185.0,107.25967,435.24380336332206,444.14992889181684
2024-01-10 18:00:00,0.0,0.5496967,161.90014130299366,212.33028885959996
2024-01-10 19:00:00,0.0,-0.10767073,154.45558528773398,0.0
2024-01-10 20:00:00,0.0,0.9868522,114.1031852792617,0.0
2024-01-10 21:00:00,0.0,-0.34167475,4.851291804372136,0.0
2024-01-10 22:00:00,0.0,0.21633513,3.44749090357647,0.0
2024-01-10 23:00:00,0.0,0.2242616,3.334569268311298,0.0
2024-01-11 00:00:00,0.0,1.1301639,3.333863497974237,0.0
2024-01-11 01:00:00,0.0,2.5482635,3.334569268311298,0.0
2024-01-11 02:00:00,0.0,3.414861,3.4474909035764694,0.0
2024-01-11 03:00:00,0.0,10.955788,4.851291804372129,0.0
2024-01-11 04:00:00,0.0,-3.4856658,256.3235375493005,0.0
2024-01-11 05:00:00,0.0,-0.34964046,349.37305973166593,0.0
2024-01-11 06:00:00,92.5,66.593124,354.3939132514426,193.16939004472576
2024-01-11 07:00:00,248.5,289.13882,611.9788477561582,476.60032302501446
2024-01-11 08:00:00,400.0,448.52502,445.4906348531936,358.7851875508388
2024-01-11 09:00:00,506.0,600.5739,485.9302043064601,425.1179045209285
2024-01-11 10:00:00,432.25,726.92096,591.1038643693826,456.4521206407867
2024-01-11 11:00:00,466.75,769.12024,585.7392851457299,489.2015910823096
2024-01-11 12:00:00,810.75,671.13226,517.839751173329,382.33215828600606
2024-01-11 13:00:00,768.75,708.2368,555.4769520774606,441.71435223853183
2024-01-11 14:00:00,659.0,587.07245,542.4088359159583,379.41097675146426
2024-01-11 15:00:00,397.25,417.65128,354.4759580625408,334.1735542580245
2024-01-11 16:00:00,178.5,235.69197,322.4821021204233,480.0442655118161
2024-01-11 17:00:00,115.75,112.19994,458.30380483826275,489.57872271853597
2024-01-11 18:00:00,0.0,0.60020995,161.59923997367432,165.36132274295477
2024-01-11 19:00:00,0.0,-0.33119708,154.45558528773398,0.0
2024-01-11 20:00:00,0.0,-1.193236,114.1031852792617,0.0
2024-01-11 21:00:00,0.0,0.44385928,4.851291804372136,0.0
2024-01-11 22:00:00,0.0,1.1755263,3.44749090357647,0.0
2024-01-11 23:00:00,0.0,0.9941231,3.334569268311298,0.0
2024-01-12 00:00:00,0.0,0.7464204,3.333863497974237,0.0
2024-01-12 01:00:00,0.0,3.414861,3.334569268311298,0.0
2024-01-12 02:00:00,0.0,0.07349269,3.4474909035764694,0.0
2024-01-12 03:00:00,0.0,-0.56253755,4.851291804372129,0.0
2024-01-12 04:00:00,0.0,0.2708882,256.3235375493005,0.0
2024-01-12 05:00:00,0.0,-1.1509724,344.3996948503615,0.0
2024-01-12 06:00:00,61.0,57.337776,347.60927872673676,109.91731167115356
2024-01-12 07:00:00,198.5,252.90202,401.94619330355255,193.9313207776469
2024-01-12 08:00:00,419.0,394.67563,394.64174808244394,202.15453344266606
2024-01-12 09:00:00,513.0,567.92523,443.6228543023411,300.30312982386454
2024-01-12 10:00:00,539.5,783.94995,651.8973592656752,633.9542608220604
2024-01-12 11:00:00,576.5,838.0437,659.5429148957681,666.633290866081
2024-01-12 12:00:00,717.75,779.9005,555.0925855272103,453.9647822822558
2024-01-12 13:00:00,588.25,746.30225,656.6072828944208,666.5796171809768
2024-01-12 14:00:00,317.75,571.41064,625.2333435835802,631.926658712562
2024-01-12 15:00:00,384.75,421.52695,354.3511008972551,334.97610547617126
2024-01-12 16:00:00,236.75,268.92105,254.90968670896805,357.57886312394544
2024-01-12 17:00:00,53.25,79.38065,254.24046796786752,122.74220143403417
2024-01-12 18:00:00,0.0,0.81272805,153.33910945118123,23.11723923016194
2024-01-12 19:00:00,0.0,0.017672595,150.52098805625064,0.0
2024-01-12 20:00:00,0.0,0.09780829,114.1031852792617,0.0
2024-01-12 21:00:00,0.0,1.019408,4.851291804372136,0.0
2024-01-12 22:00:00,0.0,-0.42077222,3.44749090357647,0.0
2024-01-12 23:00:00,0.0,-0.32794002,3.334569268311298,0.0
2024-01-13 00:00:00,0.0,0.460078,3.333863497974237,0.0
2024-01-13 01:00:00,0.0,9.992075,3.334569268311298,0.0
2024-01-13 02:00:00,0.0,6.326553,3.4474909035764694,0.0
2024-01-13 03:00:00,0.0,1.8311028,4.851291804372129,0.0
2024-01-13 04:00:00,0.0,3.934768,256.3235375493005,0.0
2024-01-13 05:00:00,0.0,-1.9852257,338.85908021451746,0.0
2024-01-13 06:00:00,58.25,56.39153,345.5850892683334,83.12261602581204
2024-01-13 07:00:00,240.0,265.3044,364.5914107401818,142.2687082235822
2024-01-13 08:00:00,510.0,493.19626,542.2308989325187,546.7990195206471
2024-01-13 09:00:00,645.0,614.5567,484.3987501958999,417.20633047394875
2024-01-13 10:00:00,784.75,758.26697,581.4972948245434,470.4639508247871
2024-01-13 11:00:00,862.25,874.0586,708.3451226065785,727.5333657891852
2024-01-13 12:00:00,573.25,699.78925,492.228810151037,352.66055178602704
2024-01-13 13:00:00,443.0,599.19635,459.31686129463003,281.44320110724345
2024-01-13 14:00:00,473.5,452.7463,464.3563523556839,245.13455282688543
2024-01-13 15:00:00,489.75,463.70877,454.0148430840438,604.2329689472448
2024-01-13 16:00:00,337.25,317.9538,519.6839797769197,700.9169427738622
2024-01-13 17:00:00,101.5,90.56522,254.24046796786752,123.03684569316563
2024-01-13 18:00:00,0.0,0.5975392,154.45742569669798,41.510347355462386
2024-01-13 19:00:00,0.0,0.12112469,149.4808944056371,0.0
2024-01-13 20:00:00,0.0,0.5925147,114.1031852792617,0.0
2024-01-13 21:00:00,0.0,0.341542,4.851291804372136,0.0
2024-01-13 22:00:00,0.0,0.7978514,3.44749090357647,0.0
2024-01-13 23:00:00,0.0,0.759737,3.334569268311298,0.0
2024-01-14 00:00:00,0.0,0.5839809,3.333863497974237,0.0
2024-01-14 01:00:00,0.0,3.4282668,3.334569268311298,0.0
2024-01-14 02:00:00,0.0,2.04948,3.4474909035764694,0.0
2024-01-14 03:00:00,0.0,1.2018114,4.851291804372129,0.0
2024-01-14 04:00:00,0.0,3.849455,256.3235375493005,0.0
2024-01-14 05:00:00,0.0,-1.9500235,338.85908021451746,0.0
2024-01-14 06:00:00,62.0,55.332645,342.95049617466293,56.67953010940756
2024-01-14 07:00:00,260.25,222.66507,350.4573014798162,88.24412875331757
2024-01-14 08:00:00,449.5,457.176,414.0203292290448,274.4522675518906
2024-01-14 09:00:00,656.5,624.1471,463.56505902194414,354.62498444204465
2024-01-14 10:00:00,818.0,793.97565,611.1065582467761,566.7215898860593
2024-01-14 11:00:00,853.25,732.7331,484.7708898428897,341.6560340352007
2024-01-14 12:00:00,858.75,895.8193,697.9904928227821,734.6438374870283
2024-01-14 13:00:00,865.5,882.75256,829.4756586840293,889.644321794309
2024-01-14 14:00:00,710.0,725.14545,756.5337148920122,833.0083018405239
2024-01-14 15:00:00,501.75,552.2677,512.3633206818341,727.5920707042858
2024-01-14 16:00:00,355.5,345.10754,516.4343320950604,721.1742954116813
2024-01-14 17:00:00,109.75,119.427635,451.63564009105454,460.53382973502784
2024-01-14 18:00:00,0.0,0.58228654,159.92564731513846,126.653495075696
2024-01-14 19:00:00,0.0,1.4233594,154.44631272712297,0.0
2024-01-14 20:00:00,0.0,-0.25525624,114.1031852792617,0.0
2024-01-14 21:00:00,0.0,-0.34784752,4.851291804372136,0.0
2024-01-14 22:00:00,0.0,0.18942596,3.44749090357647,0.0
2024-01-14 23:00:00,0.0,-0.38679588,3.334569268311298,0.0
2024-01-15 00:00:00,0.0,0.9180181,3.333863497974237,0.0
2024-01-15 01:00:00,0.0,11.877862,3.334569268311298,0.0
2024-01-15 02:00:00,0.0,9.019608,3.4474909035764694,0.0
2024-01-15 03:00:00,0.0,-0.72051626,4.851291804372129,0.0
2024-01-15 04:00:00,0.0,2.3743372,256.3235375493005,0.0
2024-01-15 05:00:00,0.0,-1.7382118,349.94744076252636,0.0
2024-01-15 06:00:00,88.0,92.54218,355.94296256209685,388.70896274889543
2024-01-15 07:00:00,327.0,314.74225,652.0825144917961,662.6469985380833
2024-01-15 08:00:00,573.0,564.8943,776.8459046371729,830.8732112330318
2024-01-15 09:00:00,784.5,795.15216,772.2699943079298,879.5027278335174
2024-01-15 10:00:00,941.0,961.1403,853.7431169578266,921.3475405450446
2024-01-15 11:00:00,1026.75,936.73975,851.2927965556258,913.4363359163239
2024-01-15 12:00:00,1036.0,998.9457,872.7214842216404,941.1170845128814
2024-01-15 13:00:00,849.5,869.9556,767.1945590215784,815.6656711439755
2024-01-15 14:00:00,689.25,651.2317,639.4769922185282,658.969270146109
2024-01-15 15:00:00,584.5,555.74475,513.6232341463752,728.5760499579991
2024-01-15 16:00:00,359.25,322.0846,440.63759860334034,615.9312687016779
2024-01-15 17:00:00,99.25,118.554955,435.24380336332206,447.4505356312707
2024-01-15 18:00:00,0.0,0.6153094,161.90014130299366,213.55562246325988
2024-01-15 19:00:00,0.0,1.3526359,154.45558528773398,0.0
2024-01-15 20:00:00,0.0,0.37820786,114.1031852792617,0.0
2024-01-15 21:00:00,0.0,0.10137628,4.851291804372136,0.0
2024-01-15 22:00:00,0.0,-0.06604248,3.44749090357647,0.0
2024-01-15 23:00:00,0.0,-0.34202832,3.334569268311298,0.0
2024-01-16 00:00:00,0.0,-0.29774696,3.333863497974237,0.0
2024-01-16 01:00:00,0.0,12.169727,3.334569268311298,0.0
2024-01-16 02:00:00,0.0,-0.2643277,3.4474909035764694,0.0
2024-01-16 03:00:00,0.0,8.356116,4.851291804372129,0.0
2024-01-16 04:00:00,0.0,2.5442522,256.3235375493005,0.0
2024-01-16 05:00:00,0.0,-3.1072316,349.94744076252636,0.0
2024-01-16 06:00:00,88.25,84.173,356.17238531897317,369.6992803531636
2024-01-16 07:00:00,313.0,269.47797,474.869026974935,313.0824877111816
2024-01-16 08:00:00,512.75,526.8924,638.6252379443034,646.0917869989473
2024-01-16 09:00:00,794.0,783.05774,753.5772429099275,861.3142336172072
2024-01-16 10:00:00,893.75,899.3468,735.0686824527984,754.9126347137237
2024-01-16 11:00:00,796.75,912.22345,695.4097885436032,721.9011296277566
2024-01-16 12:00:00,930.5,901.605,611.5865896998481,611.6878133262658
2024-01-16 13:00:00,876.75,833.7305,667.5623153191771,690.8958734003137
2024-01-16 14:00:00,834.0,820.96295,787.3277989784082,892.4382845579355
2024-01-16 15:00:00,628.0,620.86237,626.1163084224149,857.1508032712449
2024-01-16 16:00:00,385.25,365.22894,541.8931410640519,758.2816008505572
2024-01-16 17:00:00,181.5,109.45085,396.7844250881905,344.3975737650606
2024-01-16 18:00:00,0.0,0.62202466,159.21149357407376,87.4731241097229
2024-01-16 19:00:00,0.0,1.6460369,154.39593194584955,0.0
2024-01-16 20:00:00,0.0,0.58211094,114.1031852792617,0.0
2024-01-16 21:00:00,0.0,0.6596175,4.851291804372136,0.0
2024-01-16 22:00:00,0.0,0.22196056,3.44749090357647,0.0
2024-01-16 23:00:00,0.0,0.09543301,3.334569268311298,0.0
2024-01-17 00:00:00,0.0,0.96229947,3.333863497974237,0.0
2024-01-17 01:00:00,0.0,3.2665808,3.334569268311298,0.0
2024-01-17 02:00:00,0.0,0.57586217,3.4474909035764694,0.0
2024-01-17 03:00:00,0.0,-0.43025377,4.851291804372129,0.0
2024-01-17 04:00:00,0.0,10.276125,256.3235375493005,0.0
2024-01-17 05:00:00,0.0,-3.1139073,349.94744076252636,0.0
2024-01-17 06:00:00,86.25,71.93349,357.9481192072354,304.8497351537925
2024-01-17 07:00:00,314.75,270.85858,474.869026974935,313.01782424421395
2024-01-17 08:00:00,549.75,536.2725,737.5726752070334,777.9893863999955
2024-01-17 09:00:00,800.5,786.9903,784.81508835925,894.2458049116616
2024-01-17 10:00:00,900.5,839.93024,690.3736444166602,689.8015257585943
2024-01-17 11:00:00,992.25,838.337,579.4521512706093,523.4986417616672
2024-01-17 12:00:00,1035.75,953.06,853.7803322684509,921.0410104002219
2024-01-17 13:00:00,864.75,861.1593,808.7864420176733,865.5239605107142
2024-01-17 14:00:00,732.25,667.28046,738.0401650460235,806.4034081468388
2024-01-17 15:00:00,582.25,535.9297,566.8799730050508,801.3968853296969
2024-01-17 16:00:00,337.75,318.9148,469.94000126789746,671.4993303104279
2024-01-17 17:00:00,141.5,133.91977,464.23903094814636,511.1312544898666
2024-01-17 18:00:00,0.0,0.6411162,159.46612158196788,239.727861651135
2024-01-17 19:00:00,0.0,1.2935456,154.45558528773398,0.0
2024-01-17 20:00:00,0.0,0.043439995,114.1031852792617,0.0
2024-01-17 21:00:00,0.0,-0.38228408,4.851291804372136,0.0
2024-01-17 22:00:00,0.0,-0.05307777,3.44749090357647,0.0
2024-01-17 23:00:00,0.0,-0.03770859,3.334569268311298,0.0
2024-01-18 00:00:00,0.0,-0.24743892,3.333863497974237,0.0
2024-01-18 01:00:00,0.0,9.114465,3.334569268311298,0.0
2024-01-18 02:00:00,0.0,8.989142,3.4474909035764694,0.0
2024-01-18 03:00:00,0.0,11.197737,4.851291804372129,0.0
2024-01-18 04:00:00,0.0,4.9575176,256.3235375493005,0.0
2024-01-18 05:00:00,0.0,-0.74543154,349.94744076252636,0.0
2024-01-18 06:00:00,87.0,83.17092,355.95709669800243,382.80909803360385
2024-01-18 07:00:00,327.25,325.07593,651.0147635153905,651.0097671591894
2024-01-18 08:00:00,574.25,551.3365,763.3863058857635,813.7127435780606
2024-01-18 09:00:00,788.5,796.72766,781.522488307698,892.6433563556184
2024-01-18 10:00:00,946.0,963.65326,865.9213576961068,933.4315908181636
2024-01-18 11:00:00,1034.0,1039.0867,893.4516298112978,959.7137628206418
2024-01-18 12:00:00,1044.0,1041.0898,885.1182358585451,953.2643124747699
2024-01-18 13:00:00,881.0,893.0094,844.394538349666,905.6056371795247
2024-01-18 14:00:00,661.75,726.86084,751.4951386779175,828.9671876052355
2024-01-18 15:00:00,595.5,604.8528,604.0017167880611,837.7471717710156
2024-01-18 16:00:00,357.25,337.07556,519.4773740852798,736.8222803011843
2024-01-18 17:00:00,134.75,120.40883,458.30380483826275,474.3602956686971
2024-01-18 18:00:00,0.0,0.6400662,159.5641372479134,229.90980175787598
2024-01-18 19:00:00,0.0,3.3824084,154.45558528773398,0.0
2024-01-18 20:00:00,0.0,1.3976077,114.1031852792617,0.0
2024-01-18 21:00:00,0.0,-0.52950674,4.851291804372136,0.0
2024-01-18 22:00:00,0.0,1.2271905,3.44749090357647,0.0
2024-01-18 23:00:00,0.0,1.2167847,3.334569268311298,0.0
2024-01-19 00:00:00,0.0,0.12841918,3.333863497974237,0.0
2024-01-19 01:00:00,0.0,9.937643,3.334569268311298,0.0
2024-01-19 02:00:00,0.0,11.786632,3.4474909035764694,0.0
2024-01-19 03:00:00,0.0,10.767549,4.851291804372129,0.0
2024-01-19 04:00:00,0.0,2.5064821,256.3235375493005,0.0
2024-01-19 05:00:00,0.0,-1.617285,349.94744076252636,0.0
2024-01-19 06:00:00,85.25,77.57665,356.0185198083194,376.290116332906
2024-01-19 07:00:00,327.25,301.25952,651.0147635153905,649.0093217857518
2024-01-19 08:00:00,575.25,574.86255,758.7331044395448,811.0668785732336
2024-01-19 09:00:00,790.0,785.9141,760.422754902567,874.174108128186
2024-01-19 10:00:00,948.0,941.3087,834.0906142653339,899.5212839218739
2024-01-19 11:00:00,977.75,1005.2432,863.192091796785,926.8006542258333
2024-01-19 12:00:00,1018.0,949.46375,850.333112111132,916.9860570443562
2024-01-19 13:00:00,928.75,890.5337,842.9711446003806,903.6437562794943
2024-01-19 14:00:00,745.5,749.25104,760.8106420643885,849.9536322113923
2024-01-19 15:00:00,580.5,551.29126,582.2937954199449,819.2675475010872
2024-01-19 16:00:00,285.5,327.52594,445.7692627968404,642.4999354503922
2024-01-19 17:00:00,131.25,110.530045,396.7844250881905,338.9023762234844
2024-01-19 18:00:00,0.0,0.71874565,159.21149357407376,87.59870859374601
2024-01-19 19:00:00,0.0,0.97857493,154.19812312319849,0.0
2024-01-19 20:00:00,0.0,-0.32996923,114.1031852792617,0.0
2024-01-19 21:00:00,0.0,-0.66259366,4.851291804372136,0.0
2024-01-19 22:00:00,0.0,1.2626091,3.44749090357647,0.0
2024-01-19 23:00:00,0.0,0.29596812,3.334569268311298,0.0
2024-01-20 00:00:00,0.0,0.03535443,3.333863497974237,0.0
2024-01-20 01:00:00,0.0,12.034216,3.334569268311298,0.0
2024-01-20 02:00:00,0.0,12.034216,3.4474909035764694,0.0
2024-01-20 03:00:00,0.0,11.109189,4.851291804372129,0.0
2024-01-20 04:00:00,0.0,4.0772657,256.3235375493005,0.0
2024-01-20 05:00:00,0.0,-1.2572536,349.94744076252636,0.0
2024-01-20 06:00:00,86.0,82.91985,355.94296256209685,388.9213925165988
2024-01-20 07:00:00,295.25,302.94482,647.8367687115059,623.806045733395
2024-01-20 08:00:00,574.25,566.8014,760.0587703900355,811.8066726570243
2024-01-20 09:00:00,785.0,793.0339,762.8133154150836,875.1944100680026
2024-01-20 10:00:00,941.75,966.61975,848.2610022641753,917.03694135011
2024-01-20 11:00:00,951.75,999.27045,864.4385916212196,928.217794664625
2024-01-20 12:00:00,940.5,964.2286,851.9871365524072,918.9998056102203
2024-01-20 13:00:00,896.0,895.37646,827.0156954765268,886.6823339128904
2024-01-20 14:00:00,647.0,680.052,738.3850895309758,806.6358710618449
2024-01-20 15:00:00,495.75,512.9606,528.1558522158771,754.4360311651803
2024-01-20 16:00:00,350.25,356.24683,511.81254420393594,719.9634019526379
2024-01-20 17:00:00,127.0,119.55279,451.63564009105454,454.74457404913454
2024-01-20 18:00:00,0.0,0.60272187,163.7477053436042,196.2843337985792
2024-01-20 19:00:00,0.0,2.072323,154.45558528773398,0.0
2024-01-20 20:00:00,0.0,0.046010226,114.1031852792617,0.0
2024-01-20 21:00:00,0.0,-0.7601446,4.851291804372136,0.0
2024-01-20 22:00:00,0.0,0.39554536,3.44749090357647,0.0
2024-01-20 23:00:00,0.0,0.71321845,3.334569268311298,0.0
2024-01-21 00:00:00,0.0,0.03535443,3.333863497974237,0.0
2024-01-21 01:00:00,0.0,11.961306,3.334569268311298,0.0
2024-01-21 02:00:00,0.0,8.235368,3.4474909035764694,0.0
2024-01-21 03:00:00,0.0,10.963253,4.851291804372129,0.0
2024-01-21 04:00:00,0.0,-3.902934,256.3235375493005,0.0
2024-01-21 05:00:00,0.0,-1.0840757,349.94744076252636,0.0
2024-01-21 06:00:00,86.0,79.64803,355.94296256209685,388.90223965865687
2024-01-21 07:00:00,328.25,309.1731,652.0825144917961,659.4600430669774
2024-01-21 08:00:00,577.25,557.44696,767.1616203326089,825.2328753385278
2024-01-21 09:00:00,790.75,795.4867,772.8606284681787,888.7067289151771
2024-01-21 10:00:00,948.5,949.59924,832.569504161857,898.2271499802549
2024-01-21 11:00:00,831.5,928.78064,762.882047639677,810.6469446691846
2024-01-21 12:00:00,929.5,952.40076,832.6742415876926,896.1414481587454
2024-01-21 13:00:00,802.75,866.09326,806.5603513792767,861.25862278521
2024-01-21 14:00:00,772.25,751.3432,771.1057440281824,869.8021866858505
2024-01-21 15:00:00,514.25,553.5643,559.138135310495,798.3544501930288
2024-01-21 16:00:00,268.5,328.83936,483.0512053028686,694.7517179306421
2024-01-21 17:00:00,109.5,127.19378,460.7628344240543,479.3518327502151
2024-01-21 18:00:00,0.0,0.6400662,159.5641372479134,227.60987642496863
2024-01-21 19:00:00,0.0,3.2066195,154.45558528773398,0.0
2024-01-21 20:00:00,0.0,10.408007,114.1031852792617,0.0
2024-01-21 21:00:00,0.0,-1.7517862,4.851291804372136,0.0
2024-01-21 22:00:00,0.0,-1.1580178,3.44749090357647,0.0
2024-01-21 23:00:00,0.0,-0.26260337,3.334569268311298,0.0
2024-01-22 00:00:00,0.0,-0.068376586,3.333863497974237,0.0
2024-01-22 01:00:00,0.0,10.995027,3.334569268311298,0.0
2024-01-22 02:00:00,0.0,10.913588,3.4474909035764694,0.0
2024-01-22 03:00:00,0.0,8.344674,4.851291804372129,0.0
2024-01-22 04:00:00,0.0,-1.4185718,256.3235375493005,0.0
2024-01-22 05:00:00,0.0,2.1916888,349.94744076252636,0.0
2024-01-22 06:00:00,62.0,93.93899,357.7341446264063,347.0555527885497
2024-01-22 07:00:00,260.5,294.33496,639.4950100739353,570.2095875182495
2024-01-22 08:00:00,529.75,513.63184,727.0559794524004,772.2094449203095
2024-01-22 09:00:00,351.25,663.547,558.9916556465375,570.8088958891344
2024-01-22 10:00:00,564.25,777.96136,638.4927827223838,622.4270970882521
2024-01-22 11:00:00,717.5,923.06635,741.3371621520738,783.7438368149152
2024-01-22 12:00:00,649.75,887.41327,692.3312244079124,732.263705057248
2024-01-22 13:00:00,622.0,796.74475,666.7896964787343,690.6428797360367
2024-01-22 14:00:00,626.75,681.9363,740.5106046204562,808.0508009724866
2024-01-22 15:00:00,483.25,569.4244,573.1641285539976,804.4684830447343
2024-01-22 16:00:00,265.5,306.4842,256.20498673078333,385.31934305681966
2024-01-22 17:00:00,82.75,91.47503,258.0353732350111,153.95152594806746
2024-01-22 18:00:00,0.0,0.5836303,159.21149357407376,87.45225135353274
2024-01-22 19:00:00,0.0,0.93715096,153.00601962057377,0.0
2024-01-22 20:00:00,0.0,2.944936,114.1031852792617,0.0
2024-01-22 21:00:00,0.0,-0.5284865,4.851291804372136,0.0
2024-01-22 22:00:00,0.0,2.4712393,3.44749090357647,0.0
2024-01-22 23:00:00,0.0,1.6233963,3.334569268311298,0.0
2024-01-23 00:00:00,0.0,1.4043056,3.333863497974237,0.0
2024-01-23 01:00:00,0.0,2.5797427,3.334569268311298,0.0
2024-01-23 02:00:00,0.0,29.47603,3.4474909035764694,0.0
2024-01-23 03:00:00,0.0,15.955715,4.851291804372129,0.0
2024-01-23 04:00:00,0.0,-2.8459733,256.3235375493005,0.0
2024-01-23 05:00:00,0.0,3.9412212,348.21160669819807,0.0
2024-01-23 06:00:00,58.5,62.63505,354.71081242151945,218.40138791512905
2024-01-23 07:00:00,288.0,272.74414,645.5890338078987,608.1483727389641
2024-01-23 08:00:00,562.25,552.57916,747.0102211562371,794.4443234575168
2024-01-23 09:00:00,701.5,725.1693,688.2612103610002,793.3940084053874
2024-01-23 10:00:00,806.0,897.19336,756.0687968043296,784.6915267888895
2024-01-23 11:00:00,695.5,881.81165,697.0894447430935,722.6061999560839
2024-01-23 12:00:00,927.75,875.1965,795.2876942872579,855.2158067647674
2024-01-23 13:00:00,703.25,824.34,719.5265381844928,756.401073177137
2024-01-23 14:00:00,689.0,683.90173,761.4860224993207,836.5013295102456
2024-01-23 15:00:00,454.25,501.2127,535.8465056671977,757.9690958530075
2024-01-23 16:00:00,248.0,313.54715,487.62209706034514,674.3057348851266
2024-01-23 17:00:00,104.25,121.9129,451.63564009105454,461.2965702035758
2024-01-23 18:00:00,0.0,0.60272187,159.5641372479134,233.82302961967667
2024-01-23 19:00:00,0.0,1.91628,154.45558528773398,0.0
2024-01-23 20:00:00,0.0,0.5169726,114.1031852792617,0.0
2024-01-23 21:00:00,0.0,-0.5300934,4.851291804372136,0.0
2024-01-23 22:00:00,0.0,0.39554536,3.44749090357647,0.0
2024-01-23 23:00:00,0.0,0.99216455,3.334569268311298,0.0
2024-01-24 00:00:00,0.0,3.1345842,3.333863497974237,0.0
2024-01-24 01:00:00,0.0,2.3122241,3.334569268311298,0.0
2024-01-24 02:00:00,0.0,0.6901647,3.4474909035764694,0.0
2024-01-24 03:00:00,0.0,11.285781,4.851291804372129,0.0
2024-01-24 04:00:00,0.0,-3.7404134,256.3235375493005,0.0
2024-01-24 05:00:00,0.0,2.05621,345.6689132515572,0.0
2024-01-24 06:00:00,52.5,58.059177,354.71081242151945,218.51304418897536
2024-01-24 07:00:00,227.5,277.35452,586.7420525036449,442.64430879286306
2024-01-24 08:00:00,513.5,503.47845,722.1585811211095,756.6336486010944
2024-01-24 09:00:00,452.25,656.16534,558.9380040618399,575.3013128467355
2024-01-24 10:00:00,536.5,833.3516,692.4862537791856,690.6574801010369
2024-01-24 11:00:00,524.0,836.9871,650.7844771851978,658.9007475881237
2024-01-24 12:00:00,633.5,895.6393,698.350746981002,734.7939156943894
2024-01-24 13:00:00,430.75,778.3993,695.2136215130334,724.5444493279562
2024-01-24 14:00:00,348.75,589.7081,564.8127652965945,516.5546384538324
2024-01-24 15:00:00,320.5,377.2431,357.833496117949,380.35788162814646
2024-01-24 16:00:00,193.5,255.13454,322.0534585454534,480.0223627969554
2024-01-24 17:00:00,67.0,110.93133,432.70296470877923,411.24303648288844
2024-01-24 18:00:00,0.0,0.60272187,160.87558052060248,151.0796152734086
2024-01-24 19:00:00,0.0,1.7713431,154.4260928272618,0.0
2024-01-24 20:00:00,0.0,3.0110652,114.1031852792617,0.0
2024-01-24 21:00:00,0.0,0.91291577,4.851291804372136,0.0
2024-01-24 22:00:00,0.0,1.6312357,3.44749090357647,0.0
2024-01-24 23:00:00,0.0,1.6719886,3.334569268311298,0.0
2024-01-25 00:00:00,0.0,2.8555517,3.333863497974237,0.0
2024-01-25 01:00:00,0.0,2.1829658,3.334569268311298,0.0
2024-01-25 02:00:00,0.0,28.070917,3.4474909035764694,0.0
2024-01-25 03:00:00,0.0,1.2970716,4.851291804372129,0.0
2024-01-25 04:00:00,0.0,-3.9170368,256.3235375493005,0.0
2024-01-25 05:00:00,0.0,-0.17227666,349.71573113748786,0.0
2024-01-25 06:00:00,61.0,73.2594,357.7341446264063,347.49592811467375
2024-01-25 07:00:00,300.0,264.26892,611.9788477561582,473.0715439379546
2024-01-25 08:00:00,458.0,496.04333,572.5743186817058,578.4894472764004
2024-01-25 09:00:00,602.0,644.6042,558.9902813171188,574.6684591049001
2024-01-25 10:00:00,566.75,826.0139,666.367351583897,657.4921863052133
2024-01-25 11:00:00,556.75,843.3936,650.8733331632728,658.9748794774292
2024-01-25 12:00:00,450.25,869.4182,652.856944518128,671.6805720783025
2024-01-25 13:00:00,535.5,746.52203,600.8478872375279,576.3055228192928
2024-01-25 14:00:00,397.0,600.2612,640.685640195538,659.6976378966808
2024-01-25 15:00:00,284.75,447.72775,400.7938601946133,508.72838320091
2024-01-25 16:00:00,167.25,255.13454,322.0894996271777,480.0250970929917
2024-01-25 17:00:00,119.00000000000001,104.183754,319.8882783740058,266.36554271419453
2024-01-25 18:00:00,0.0,0.60815686,159.44669553503047,106.0533475349413
2024-01-25 19:00:00,0.0,0.9891903,154.19812312319849,0.0
2024-01-25 20:00:00,0.0,0.44921726,114.1031852792617,0.0
2024-01-25 21:00:00,0.0,5.9331107,4.851291804372136,0.0
2024-01-25 22:00:00,0.0,1.2596365,3.44749090357647,0.0
2024-01-25 23:00:00,0.0,1.5649236,3.334569268311298,0.0
2024-01-26 00:00:00,0.0,2.996883,3.333863497974237,0.0
2024-01-26 01:00:00,0.0,0.32955617,3.334569268311298,0.0
2024-01-26 02:00:00,0.0,3.2464054,3.4474909035764694,0.0
2024-01-26 03:00:00,0.0,4.255565,4.851291804372129,0.0
2024-01-26 04:00:00,0.0,-2.9646163,256.3235375493005,0.0
2024-01-26 05:00:00,0.0,0.24571016,344.3996948503615,0.0
2024-01-26 06:00:00,47.25,56.69468,354.5468220529629,205.3976212107646
2024-01-26 07:00:00,210.0,255.41971,534.8354620675765,383.2597290791908
2024-01-26 08:00:00,396.25,500.3066,572.6244297285012,578.2970395460146
2024-01-26 09:00:00,699.25,723.3586,694.637414913034,795.9325474796781
2024-01-26 10:00:00,692.25,775.73224,624.1794735248159,595.4808984439536
2024-01-26 11:00:00,677.25,859.7064,652.6856347452965,660.4893554181659
2024-01-26 12:00:00,581.25,907.1461,702.3989595133957,736.4860400795282
2024-01-26 13:00:00,547.0,726.7045,564.8652918885956,483.07893254668846
2024-01-26 14:00:00,421.5,557.1485,559.2403494751769,469.8228449678359
2024-01-26 15:00:00,268.5,406.4725,361.34857336255146,404.40474041681637
2024-01-26 16:00:00,187.75,188.09305,236.15242711375348,77.83621839581696
2024-01-26 17:00:00,46.5,92.30068,261.48263165510633,170.80564232441483
2024-01-26 18:00:00,0.0,0.5836303,159.11077610979459,78.37470291937588
2024-01-26 19:00:00,0.0,0.8138968,153.67744680838157,0.0
2024-01-26 20:00:00,0.0,2.965122,114.1031852792617,0.0
2024-01-26 21:00:00,0.0,3.0710642,4.851291804372136,0.0
2024-01-26 22:00:00,0.0,0.8780888,3.44749090357647,0.0
2024-01-26 23:00:00,0.0,1.4340678,3.334569268311298,0.0
2024-01-27 00:00:00,0.0,1.094848,3.333863497974237,0.0
2024-01-27 01:00:00,0.0,2.4518125,3.334569268311298,0.0
2024-01-27 02:00:00,0.0,17.21987,3.4474909035764694,0.0
2024-01-27 03:00:00,0.0,2.0157888,4.851291804372129,0.0
2024-01-27 04:00:00,0.0,1.5337481,256.3235375493005,0.0
2024-01-27 05:00:00,0.0,-0.43000725,346.7141782638568,0.0
2024-01-27 06:00:00,47.5,48.39796,354.02077809053236,169.59609383805355
2024-01-27 07:00:00,230.75,258.8082,474.869026974935,312.88826883485586
2024-01-27 08:00:00,473.0,519.6981,604.7819558613525,614.2112110986602
2024-01-27 09:00:00,566.75,629.5661,490.5746937021753,438.6372958633944
2024-01-27 10:00:00,730.25,755.99536,543.481404523864,385.8325917301457
2024-01-27 11:00:00,939.75,888.1457,679.0497269272139,693.7393748074502
2024-01-27 12:00:00,901.0,873.6246,618.5838769450986,615.0695170165255
2024-01-27 13:00:00,474.25,797.8492,603.9896861051633,577.5776557554441
2024-01-27 14:00:00,569.25,615.8696,568.3282646911425,517.3234249582265
2024-01-27 15:00:00,351.25,423.8501,361.3652458477343,404.3041811512499
2024-01-27 16:00:00,175.75,304.13022,258.53961216126305,385.39141398668926
2024-01-27 17:00:00,96.0,106.43512,285.5437218968228,224.02836500545473
2024-01-27 18:00:00,0.0,0.6180564,158.98902635705352,69.33811811452158
2024-01-27 19:00:00,0.0,0.8804756,154.3517255312768,0.0
2024-01-27 20:00:00,0.0,-1.8687108,114.1031852792617,0.0
2024-01-27 21:00:00,0.0,0.4511891,4.851291804372136,0.0
2024-01-27 22:00:00,0.0,0.047620963,3.44749090357647,0.0
2024-01-27 23:00:00,0.0,0.0408228,3.334569268311298,0.0
2024-01-28 00:00:00,0.0,0.15962912,3.333863497974237,0.0
2024-01-28 01:00:00,0.0,7.50637,3.334569268311298,0.0
2024-01-28 02:00:00,0.0,2.804246,3.4474909035764694,0.0
2024-01-28 03:00:00,0.0,-0.936566,4.851291804372129,0.0
2024-01-28 04:00:00,0.0,3.685477,256.3235375493005,0.0
2024-01-28 05:00:00,0.0,-1.7924167,338.85908021451746,0.0
2024-01-28 06:00:00,42.25,46.5032,339.1161881602497,29.916836286428552
2024-01-28 07:00:00,295.0,259.9042,491.42251642216706,334.1904017024582
2024-01-28 08:00:00,537.5,524.59,703.8235711221752,732.6008581592878
2024-01-28 09:00:00,729.5,727.11505,698.1165719309968,797.3801803807514
2024-01-28 10:00:00,855.75,886.16724,815.2012624711217,867.2019206616795
2024-01-28 11:00:00,911.75,887.1944,596.3354720029262,550.2739326593296
2024-01-28 12:00:00,926.5,843.82214,583.7561967297797,539.2348758162816
2024-01-28 13:00:00,873.25,830.80975,698.6188419472046,725.8500964719155
2024-01-28 14:00:00,795.5,773.60223,771.3177304168563,858.3720973406492
2024-01-28 15:00:00,526.75,479.02005,366.8218202022544,428.15846551656983
2024-01-28 16:00:00,310.0,326.95663,459.90159373908756,645.492415407462
2024-01-28 17:00:00,120.25,110.14634,285.5437218968228,223.44035541724276
2024-01-28 18:00:00,0.0,0.5945113,155.37066990723082,51.46354094127721
2024-01-28 19:00:00,0.0,0.9370589,152.5372398799396,0.0
2024-01-28 20:00:00,0.0,1.4182217,114.1031852792617,0.0
2024-01-28 21:00:00,0.0,-1.4390205,4.851291804372136,0.0
2024-01-28 22:00:00,0.0,0.60489696,3.44749090357647,0.0
2024-01-28 23:00:00,0.0,0.0408228,3.334569268311298,0.0
2024-01-29 00:00:00,0.0,0.15419413,3.333863497974237,0.0
2024-01-29 01:00:00,0.0,4.4167724,3.334569268311298,0.0
2024-01-29 02:00:00,0.0,-0.3301708,3.4474909035764694,0.0
2024-01-29 03:00:00,0.0,9.082512,4.851291804372129,0.0
2024-01-29 04:00:00,0.0,5.4898324,256.3235375493005,0.0
2024-01-29 05:00:00,0.0,-0.8701191,349.0947058269542,0.0
2024-01-29 06:00:00,43.5,67.46217,358.8589410869331,338.6226032871913
2024-01-29 07:00:00,315.0,242.88431,611.9788477561582,471.8672380785177
2024-01-29 08:00:00,566.25,545.178,759.1155459226926,811.2781209030776
2024-01-29 09:00:00,702.0,643.90356,559.0504717768956,572.0996150851624
2024-01-29 10:00:00,845.0,791.62,638.3006487325916,622.2753683792322
2024-01-29 11:00:00,793.25,903.18353,595.6958813224513,569.9337510917185
2024-01-29 12:00:00,925.75,933.80524,813.7076567811267,875.5862914974272
2024-01-29 13:00:00,745.5,835.67554,709.843818181416,751.7182372102633
2024-01-29 14:00:00,797.75,772.36755,763.5050941196184,852.4386035033583
2024-01-29 15:00:00,493.25,565.4727,567.3151095380894,801.6186997634343
2024-01-29 16:00:00,353.75,323.45377,491.4885771346776,697.24159542799
2024-01-29 17:00:00,133.25,133.44981,455.275457622598,466.2449679644822
2024-01-29 18:00:00,0.0,0.7241916,156.77500948083437,60.78214737477067
2024-01-29 19:00:00,0.0,1.1508001,153.00601962057377,0.0
2024-01-29 20:00:00,0.0,0.02612707,114.1031852792617,0.0
2024-01-29 21:00:00,0.0,2.761899,4.851291804372136,0.0
2024-01-29 22:00:00,0.0,1.6303241,3.44749090357647,0.0
2024-01-29 23:00:00,0.0,0.1842379,3.334569268311298,0.0
2024-01-30 00:00:00,0.0,-0.3605087,3.333863497974237,0.0
2024-01-30 01:00:00,0.0,7.3143964,3.334569268311298,0.0
2024-01-30 02:00:00,0.0,7.87899,3.4474909035764694,0.0
2024-01-30 03:00:00,0.0,4.24146,4.851291804372129,0.0
2024-01-30 04:00:00,0.0,2.6443932,256.3235375493005,0.0
2024-01-30 05:00:00,0.0,-1.8847492,349.94744076252636,0.0
2024-01-30 06:00:00,73.5,73.53021,355.94296256209685,388.91966886779477
2024-01-30 07:00:00,290.0,275.39896,647.8367687115059,623.1755147511394
2024-01-30 08:00:00,491.25,526.8341,714.4961439478086,752.6124628675963
2024-01-30 09:00:00,731.0,732.3906,683.8430968050409,791.7084772171602
2024-01-30 10:00:00,860.5,894.72284,805.4154760980848,859.7545897875964
2024-01-30 11:00:00,932.0,961.00745,846.4531376647017,908.3928945165114
2024-01-30 12:00:00,922.5,962.9008,850.2691223760983,916.9048119230321
2024-01-30 13:00:00,940.25,882.52374,842.9840311818549,903.8028661944408
2024-01-30 14:00:00,640.25,773.4782,771.6915895129933,870.3650005161142
2024-01-30 15:00:00,616.75,557.6842,507.0217133423628,724.1334176231375
2024-01-30 16:00:00,390.0,385.42432,555.2153553732005,784.0237024371919
2024-01-30 17:00:00,141.25,140.68889,465.40709794444473,504.4726986551536
2024-01-30 18:00:00,0.0,0.6493922,159.46612158196788,232.62858982207982
2024-01-30 19:00:00,0.0,3.3342872,154.45558528773398,0.0
2024-01-30 20:00:00,0.0,8.276684,114.1031852792617,0.0
2024-01-30 21:00:00,0.0,-1.3522484,4.851291804372136,0.0
2024-01-30 22:00:00,0.0,-0.075504616,3.44749090357647,0.0
2024-01-30 23:00:00,0.0,0.1842379,3.334569268311298,0.0
2024-01-31 00:00:00,0.0,-0.4027287,3.333863497974237,0.0
2024-01-31 01:00:00,0.0,12.311166,3.334569268311298,0.0
2024-01-31 02:00:00,0.0,12.039246,3.4474909035764694,0.0
2024-01-31 03:00:00,0.0,10.809367,4.851291804372129,0.0
2024-01-31 04:00:00,0.0,5.162143,256.3235375493005,0.0
2024-01-31 05:00:00,0.0,-0.6939113,349.94744076252636,0.0
2024-01-31 06:00:00,56.0,67.23885,356.96735300249304,355.49752963544574
2024-01-31 07:00:00,302.0,255.92587,623.0950078376786,552.4323727999773
2024-01-31 08:00:00,533.75,553.2576,632.9463791029858,642.6295175928058
2024-01-31 09:00:00,733.0,751.0821,628.7910880935343,703.852729585609
2024-01-31 10:00:00,910.0,905.8035,750.1790181235865,780.318793602499
2024-01-31 11:00:00,1042.5,1049.2607,890.431353561239,956.0185813367156
2024-01-31 12:00:00,971.5,951.67017,832.4742099260363,895.1502938953879
2024-01-31 13:00:00,990.25,972.16,886.4824931246848,949.4339564666145
2024-01-31 14:00:00,827.75,730.82074,685.1662180401773,745.7514358900441
2024-01-31 15:00:00,531.5,522.62317,458.2420044072824,629.808190221832
2024-01-31 16:00:00,380.75,345.89752,512.2809819852716,733.4267891377793
2024-01-31 17:00:00,137.5,127.72832,432.7070870058231,416.7636665465266
2024-01-31 18:00:00,0.0,0.6493922,163.31548746724275,200.33267157165824
2024-01-31 19:00:00,0.0,1.1999137,154.28808258843674,0.0
2024-01-31 20:00:00,0.0,8.302599,114.1031852792617,0.0
2024-01-31 21:00:00,0.0,-0.3554626,4.851291804372136,0.0
2024-01-31 22:00:00,0.0,-0.08980332,3.44749090357647,0.0
2024-01-31 23:00:00,0.0,0.1842379,3.334569268311298,0.0
2024-02-01 00:00:00,0.0,-0.06348355,3.333863497974237,0.0
2024-02-01 01:00:00,0.0,11.187864,3.334569268311298,0.0
2024-02-01 02:00:00,0.0,8.910785,3.4474909035764694,0.0
2024-02-01 03:00:00,0.0,-0.742078,4.851291804372129,0.0
2024-02-01 04:00:00,0.0,3.2573555,256.3235375493005,0.0
2024-02-01 05:00:00,0.0,-1.0523793,349.8816427737575,0.0
2024-02-01 06:00:00,68.25,54.24099,355.34914525311956,247.936600821791
2024-02-01 07:00:00,291.75,268.10156,586.7420525036449,442.078903285245
2024-02-01 08:00:00,549.25,563.1943,604.7819558613525,610.9984045752086
2024-02-01 09:00:00,745.5,756.27844,630.4123765023865,704.682816606445
2024-02-01 10:00:00,896.5,834.7354,578.8017690984675,508.98179441245713
2024-02-01 11:00:00,1028.25,951.0245,736.7344633678788,780.7072698477738
2024-02-01 12:00:00,1033.75,946.22284,764.6833555023303,820.7435181100117
2024-02-01 13:00:00,848.25,815.2629,655.0474482488052,686.7248811276992
2024-02-01 14:00:00,609.25,655.40857,524.7568724862347,397.27315208292197
2024-02-01 15:00:00,517.75,479.46643,421.41755518751245,535.7981567601227
2024-02-01 16:00:00,349.25,333.74667,352.13565381565957,512.1702365686572
2024-02-01 17:00:00,120.25,128.54517,423.6857665915257,367.9016915804667
2024-02-01 18:00:00,0.0,0.74525565,151.47343464242573,0.0
2024-02-01 19:00:00,0.0,0.83341706,153.67744680838157,0.0
2024-02-01 20:00:00,0.0,4.469222,114.1031852792617,0.0
2024-02-01 21:00:00,0.0,-0.4471836,4.851291804372136,0.0
2024-02-01 22:00:00,0.0,-2.2668524,3.44749090357647,0.0
2024-02-01 23:00:00,0.0,-1.0604428,3.334569268311298,0.0
2024-02-02 00:00:00,0.0,-0.3235219,3.333863497974237,0.0
2024-02-02 01:00:00,0.0,4.9305735,3.334569268311298,0.0
2024-02-02 02:00:00,0.0,11.997089,3.4474909035764694,0.0
2024-02-02 03:00:00,0.0,0.60303867,4.851291804372129,0.0
2024-02-02 04:00:00,0.0,5.1345625,256.3235375493005,0.0
2024-02-02 05:00:00,0.0,-0.42578343,349.8816427737575,0.0
2024-02-02 06:00:00,64.5,64.60745,357.7341446264063,347.69982147085807
2024-02-02 07:00:00,316.0,308.90726,651.0147635153905,652.1524263202767
2024-02-02 08:00:00,569.0,564.9031,765.1782732352897,814.7720746895798
2024-02-02 09:00:00,788.5,793.9865,765.8760072335351,876.540064285266
2024-02-02 10:00:00,950.75,971.82025,847.6811313663952,916.5565112408417
2024-02-02 11:00:00,1042.75,1045.327,877.9817830769874,942.6212512685878
2024-02-02 12:00:00,998.25,1022.7476,867.5100917855015,934.8942210264547
2024-02-02 13:00:00,868.25,832.5942,784.7799618184372,837.468219440882
2024-02-02 14:00:00,622.5,729.8404,713.2851523561164,776.8838232308074
2024-02-02 15:00:00,465.0,528.55273,469.6698947787792,631.7713290688858
2024-02-02 16:00:00,196.0,326.3021,352.62575705815243,513.2319047345188
2024-02-02 17:00:00,86.25,129.84694,423.6857665915257,369.82709425913384
2024-02-02 18:00:00,0.0,0.8383162,161.90014130299366,206.64276629769623
2024-02-02 19:00:00,0.0,3.4728847,154.45558528773398,0.0
2024-02-02 20:00:00,0.0,7.659924,114.1031852792617,0.0
2024-02-02 21:00:00,0.0,5.975447,4.851291804372136,0.0
2024-02-02 22:00:00,0.0,2.2000272,3.44749090357647,0.0
2024-02-02 23:00:00,0.0,0.9757918,3.334569268311298,0.0
2024-02-03 00:00:00,0.0,0.6808601,3.333863497974237,0.0
2024-02-03 01:00:00,0.0,0.5016646,3.334569268311298,0.0
2024-02-03 02:00:00,0.0,5.0023293,3.4474909035764694,0.0
2024-02-03 03:00:00,0.0,16.604725,4.851291804372129,0.0
2024-02-03 04:00:00,0.0,-1.2899286,256.3235375493005,0.0
2024-02-03 05:00:00,0.0,-0.32031825,348.71611878228293,0.0
2024-02-03 06:00:00,44.75,44.071484,353.75642999748845,157.82863024835146
2024-02-03 07:00:00,263.25,263.60144,586.7420525036449,438.8371687485294
2024-02-03 08:00:00,505.75,512.69556,573.9564751600005,573.6274899924925
2024-02-03 09:00:00,688.5,679.7723,490.617679872603,454.87949575280834
2024-02-03 10:00:00,838.25,844.54626,771.9108712127804,808.788399287342
2024-02-03 11:00:00,929.75,908.657,663.9738286637761,686.116709961915
2024-02-03 12:00:00,884.5,895.9238,791.2846578488188,850.2173872776445
2024-02-03 13:00:00,828.25,737.8274,562.4709929868709,501.72041376708466
2024-02-03 14:00:00,594.75,682.7089,671.8674908533061,719.3526915455025
2024-02-03 15:00:00,288.0,478.74808,375.2543618206881,452.68876762705685
2024-02-03 16:00:00,283.75,258.2097,319.0344011576751,479.0390151882344
2024-02-03 17:00:00,8.5,118.812996,285.5437218968228,220.93432251519172
2024-02-03 18:00:00,0.0,0.83442515,159.44669553503047,105.74013345597274
2024-02-03 19:00:00,0.0,3.5027301,154.45558528773398,0.0
2024-02-03 20:00:00,0.0,12.694125,114.1031852792617,0.0
2024-02-03 21:00:00,0.0,6.533182,4.851291804372136,0.0
2024-02-03 22:00:00,0.0,9.801989,3.44749090357647,0.0
2024-02-03 23:00:00,0.0,1.45365,3.334569268311298,0.0
2024-02-04 00:00:00,0.0,-0.09842561,3.333863497974237,0.0
2024-02-04 01:00:00,0.0,9.90049,3.334569268311298,0.0
2024-02-04 02:00:00,0.0,12.154599,3.4474909035764694,0.0
2024-02-04 03:00:00,0.0,8.646533,4.851291804372129,0.0
2024-02-04 04:00:00,0.0,4.5047603,256.3235375493005,0.0
2024-02-04 05:00:00,0.0,0.43792924,349.94744076252636,0.0
2024-02-04 06:00:00,62.5,68.550385,355.95709669800243,382.8498759302731
2024-02-04 07:00:00,308.5,304.51224,652.0825144917961,661.0689718783588
2024-02-04 08:00:00,562.5,571.66486,760.9963292093103,812.3357471395408
2024-02-04 09:00:00,786.25,794.31995,763.5208879173243,875.5030743556359
2024-02-04 10:00:00,888.25,902.8769,819.9006680785565,880.8849554398031
2024-02-04 11:00:00,991.75,951.57166,763.3136106358703,811.0261271998345
2024-02-04 12:00:00,1047.0,957.3281,765.1173859218228,821.1639719791779
2024-02-04 13:00:00,997.0,972.51654,873.9818205426575,936.5045173148143
2024-02-04 14:00:00,855.75,850.5515,790.0030717131957,902.0225035931824
2024-02-04 15:00:00,650.25,630.02496,615.2288865636368,851.4682157601725
2024-02-04 16:00:00,388.25,347.9535,421.30823971622283,612.7311314468848
2024-02-04 17:00:00,179.0,135.04662,432.7070870058231,416.93179342061575
2024-02-04 18:00:00,0.0,0.85005426,163.31548746724275,200.2360726760332
2024-02-04 19:00:00,0.0,3.3718019,154.45558528773398,0.0
2024-02-04 20:00:00,0.0,7.1313744,114.1031852792617,0.0
2024-02-04 21:00:00,0.0,6.7945876,4.851291804372136,0.0
2024-02-04 22:00:00,0.0,-2.2789488,3.44749090357647,0.0
2024-02-04 23:00:00,0.0,-0.19266428,3.334569268311298,0.0
2024-02-05 00:00:00,0.0,0.07236765,3.333863497974237,0.0
2024-02-05 01:00:00,0.0,7.383427,3.334569268311298,0.0
2024-02-05 02:00:00,0.0,4.324811,3.4474909035764694,0.0
2024-02-05 03:00:00,0.0,5.4216566,4.851291804372129,0.0
2024-02-05 04:00:00,0.0,2.4186184,256.3235375493005,0.0
2024-02-05 05:00:00,0.0,-0.6471878,349.94744076252636,0.0
2024-02-05 06:00:00,71.5,69.01997,355.94296256209685,388.9203607856166
2024-02-05 07:00:00,293.5,274.4202,645.5890338078987,607.1777012726399
2024-02-05 08:00:00,569.0,528.22705,742.5070416979167,792.0393934319691
2024-02-05 09:00:00,790.25,780.95123,740.628651148162,855.8844293996906
2024-02-05 10:00:00,752.75,847.20416,771.8225970599555,808.7026671879734
2024-02-05 11:00:00,730.25,951.57166,736.7344633678788,780.7072698477738
2024-02-05 12:00:00,1057.75,966.6444,849.8280864529404,916.1043007927901
2024-02-05 13:00:00,937.5,954.13995,859.4078755461993,921.4094727148816
2024-02-05 14:00:00,781.75,751.0061,749.5944125686129,827.3645760396199
2024-02-05 15:00:00,436.5,571.80817,543.3534215518805,776.1692039018177
2024-02-05 16:00:00,301.0,332.31512,485.2465955537361,695.4670407330534
2024-02-05 17:00:00,120.0,132.16426,451.63564009105454,446.9477131769377
2024-02-05 18:00:00,0.0,0.8383162,159.5641372479134,227.2923097723977
2024-02-05 19:00:00,0.0,3.629748,154.45558528773398,0.0
2024-02-05 20:00:00,0.0,-0.090412416,114.1031852792617,0.0
2024-02-05 21:00:00,0.0,-1.0081894,4.851291804372136,0.0
2024-02-05 22:00:00,0.0,0.31020027,3.44749090357647,0.0
2024-02-05 23:00:00,0.0,0.22102292,3.334569268311298,0.0
2024-02-06 00:00:00,0.0,-0.026698537,3.333863497974237,0.0
2024-02-06 01:00:00,0.0,11.067482,3.334569268311298,0.0
2024-02-06 02:00:00,0.0,8.998046,3.4474909035764694,0.0
2024-02-06 03:00:00,0.0,5.389827,4.851291804372129,0.0
2024-02-06 04:00:00,0.0,2.908597,256.3235375493005,0.0
2024-02-06 05:00:00,0.0,-1.8678848,349.94744076252636,0.0
2024-02-06 06:00:00,67.5,61.016647,356.96735300249304,355.4926473349721
2024-02-06 07:00:00,302.75,246.79475,461.47240163352416,290.1723713724057
2024-02-06 08:00:00,525.75,465.54813,428.18748011383417,367.0887245127365
2024-02-06 09:00:00,733.75,749.6233,716.1936538369133,834.6616800818482
2024-02-06 10:00:00,947.5,974.9118,843.0283748007988,912.4507665134051
2024-02-06 11:00:00,994.75,964.444,843.8187237983992,904.5055564736873
2024-02-06 12:00:00,967.75,934.25555,811.6241194569131,870.8543694500403
2024-02-06 13:00:00,886.0,828.4476,782.2359624754267,834.1931901751826
2024-02-06 14:00:00,750.5,749.7149,746.5910055738891,824.7032090543994
2024-02-06 15:00:00,567.75,536.8969,519.2159989319993,749.0878488764594
2024-02-06 16:00:00,361.75,324.43765,395.1447604108687,581.2249322103005
2024-02-06 17:00:00,111.5,120.62778,299.1033984720064,238.04641012802617
2024-02-06 18:00:00,0.0,0.8383162,159.64093794710212,114.86354859405729
2024-02-06 19:00:00,0.0,1.1537472,153.90362892577272,0.0
2024-02-06 20:00:00,0.0,8.1161785,114.1031852792617,0.0
2024-02-06 21:00:00,0.0,9.866478,4.851291804372136,0.0
2024-02-06 22:00:00,0.0,1.3203939,3.44749090357647,0.0
2024-02-06 23:00:00,0.0,4.7606,3.334569268311298,0.0
2024-02-07 00:00:00,0.0,-0.30973577,3.333863497974237,0.0
2024-02-07 01:00:00,0.0,9.339249,3.334569268311298,0.0
2024-02-07 02:00:00,0.0,11.322485,3.4474909035764694,0.0
2024-02-07 03:00:00,0.0,8.27436,4.851291804372129,0.0
2024-02-07 04:00:00,0.0,-4.050022,256.3235375493005,0.0
2024-02-07 05:00:00,0.0,0.33614752,349.94744076252636,0.0
2024-02-07 06:00:00,67.0,61.464153,356.0185198083194,376.2084789605701
2024-02-07 07:00:00,297.5,299.3737,649.6220684295215,635.341375666291
2024-02-07 08:00:00,561.5,540.8145,754.2608300185408,808.6481162155704
2024-02-07 09:00:00,781.25,789.6914,755.1014041332826,872.1264409547796
2024-02-07 10:00:00,946.25,953.6605,831.3442073875535,897.1483018311224
2024-02-07 11:00:00,915.5,958.1553,761.8810713883414,809.7576185364952
2024-02-07 12:00:00,928.5,834.3524,567.3546707389138,532.9435028060554
2024-02-07 13:00:00,870.25,874.0106,759.282198793102,809.3758552160645
2024-02-07 14:00:00,639.25,650.83923,549.9856560466263,512.9381935191436
2024-02-07 15:00:00,379.25,389.10333,350.0698099171343,174.09230756050746
2024-02-07 16:00:00,289.25,305.2636,233.37153994840028,356.50584743718304
2024-02-07 17:00:00,99.0,132.89224,435.24380336332206,432.64311390256944
2024-02-07 18:00:00,0.0,0.83004016,159.79653049685612,221.0122468742988
2024-02-07 19:00:00,0.0,3.4716558,154.45558528773398,0.0
2024-02-07 20:00:00,0.0,8.304256,114.1031852792617,0.0
2024-02-07 21:00:00,0.0,-1.2014071,4.851291804372136,0.0
2024-02-07 22:00:00,0.0,1.8430496,3.44749090357647,0.0
2024-02-07 23:00:00,0.0,2.1648147,3.334569268311298,0.0
2024-02-08 00:00:00,0.0,0.79868287,3.333863497974237,0.0
2024-02-08 01:00:00,0.0,2.6699703,3.334569268311298,0.0
2024-02-08 02:00:00,0.0,11.202987,3.4474909035764694,0.0
2024-02-08 03:00:00,0.0,8.173636,4.851291804372129,0.0
2024-02-08 04:00:00,0.0,-1.2459332,256.3235375493005,0.0
2024-02-08 05:00:00,0.0,2.313969,349.94744076252636,0.0
2024-02-08 06:00:00,66.0,67.95051,355.95709669800243,382.606047213887
2024-02-08 07:00:00,306.5,305.50934,651.0147635153905,645.9754194423072
2024-02-08 08:00:00,561.75,544.0221,762.0928046728861,822.4984620528642
2024-02-08 09:00:00,780.25,784.85126,733.332644450735,853.0788921188055
2024-02-08 10:00:00,857.75,885.77545,787.3841878410556,832.0144188043306
2024-02-08 11:00:00,928.75,896.51654,785.0723818420273,836.6096950801119
2024-02-08 12:00:00,980.25,939.74854,812.0397972890339,871.8136975400946
2024-02-08 13:00:00,587.5,822.1967,678.5113021135104,717.9330971867959
2024-02-08 14:00:00,676.75,665.6753,571.1425595399493,565.3007016579163
2024-02-08 15:00:00,576.25,497.839,366.4005683465319,426.99086301925536
2024-02-08 16:00:00,279.75,232.25093,209.22605428517974,139.04769057446475
2024-02-08 17:00:00,94.25,93.30406,251.40075433694105,72.28776517758969
2024-02-08 18:00:00,0.0,0.7335176,154.45742569669798,43.14958646581475
2024-02-08 19:00:00,0.0,1.2346295,153.38238290215196,0.0
2024-02-08 20:00:00,0.0,4.379146,114.1031852792617,0.0
2024-02-08 21:00:00,0.0,-1.568219,4.851291804372136,0.0
2024-02-08 22:00:00,0.0,-0.4034554,3.44749090357647,0.0
2024-02-08 23:00:00,0.0,2.3971407,3.334569268311298,0.0
2024-02-09 00:00:00,0.0,-0.6516869,3.333863497974237,0.0
2024-02-09 01:00:00,0.0,1.4215802,3.334569268311298,0.0
2024-02-09 02:00:00,0.0,0.6703583,3.4474909035764694,0.0
2024-02-09 03:00:00,0.0,-1.2158127,4.851291804372129,0.0
2024-02-09 04:00:00,0.0,1.4701332,256.3235375493005,0.0
2024-02-09 05:00:00,0.0,1.1223825,338.85908021451746,0.0
2024-02-09 06:00:00,56.5,74.60586,357.9481192072354,303.86069964154177
2024-02-09 07:00:00,262.5,225.44905,431.8291044198506,235.3732260349366
2024-02-09 08:00:00,492.5,492.18945,541.2705566092538,537.9498059647179
2024-02-09 09:00:00,701.25,659.0352,536.2068059120134,536.9590404312205
2024-02-09 10:00:00,713.25,741.8262,545.5890268900853,419.99903478018683
2024-02-09 11:00:00,995.75,929.8533,710.2088852742929,749.421887835784
2024-02-09 12:00:00,939.75,952.14636,765.4899075588738,821.0633478043053
2024-02-09 13:00:00,574.5,790.8742,638.1652022527313,656.9869452615476
2024-02-09 14:00:00,539.75,637.52075,605.3442887588278,623.8818531068576
2024-02-09 15:00:00,125.25,457.79803,352.7373864788084,331.4995518037085
2024-02-09 16:00:00,138.5,319.1949,248.46722614165833,384.82510423785936
2024-02-09 17:00:00,103.0,118.147125,274.4742008391902,202.46594359414192
2024-02-09 18:00:00,0.0,0.83442515,159.64093794710212,115.2831544536936
2024-02-09 19:00:00,0.0,0.8756805,154.3517255312768,0.0
2024-02-09 20:00:00,0.0,4.588454,114.1031852792617,0.0
2024-02-09 21:00:00,0.0,6.191443,4.851291804372136,0.0
2024-02-09 22:00:00,0.0,6.5527587,3.44749090357647,0.0
2024-02-09 23:00:00,0.0,0.6029297,3.334569268311298,0.0
2024-02-10 00:00:00,0.0,4.379077,3.333863497974237,0.0
2024-02-10 01:00:00,0.0,29.365505,3.334569268311298,0.0
2024-02-10 02:00:00,0.0,2.5433378,3.4474909035764694,0.0
2024-02-10 03:00:00,0.0,27.302431,4.851291804372129,0.0
2024-02-10 04:00:00,0.0,-3.556962,256.3235375493005,0.0
2024-02-10 05:00:00,0.0,3.4546986,342.89922310376045,0.0
2024-02-10 06:00:00,44.5,44.01825,354.3939132514426,192.85906988100655
2024-02-10 07:00:00,237.0,207.49779,377.6124663550134,153.97123725163232
2024-02-10 08:00:00,463.0,459.40973,486.6794386544333,474.67253633932955
2024-02-10 09:00:00,613.0,556.36884,405.6394463436415,242.7903601063465
2024-02-10 10:00:00,685.25,819.33105,684.6447593023007,687.4839988594487
2024-02-10 11:00:00,825.25,888.8735,670.9009202974154,688.6101535710964
2024-02-10 12:00:00,802.5,884.2591,597.4561892121891,584.7925909490409
2024-02-10 13:00:00,664.75,739.50616,558.8508172104905,481.34746679334336
2024-02-10 14:00:00,549.75,534.8398,479.09341860308064,298.9329094472599
2024-02-10 15:00:00,242.0,396.2864,352.3111920474289,97.87045125680578
2024-02-10 16:00:00,152.5,184.53564,235.4668497336393,55.19917138586608
2024-02-10 17:00:00,62.25,108.1577,250.60261216182815,58.595142938436695
2024-02-10 18:00:00,0.0,0.69228226,152.9138627436156,14.169343359367142
2024-02-10 19:00:00,0.0,0.6443343,150.52098805625064,0.0
2024-02-10 20:00:00,0.0,3.0798097,114.1031852792617,0.0
2024-02-10 21:00:00,0.0,15.314308,4.851291804372136,0.0
2024-02-10 22:00:00,0.0,3.2048602,3.44749090357647,0.0
2024-02-10 23:00:00,0.0,2.6815248,3.334569268311298,0.0
2024-02-11 00:00:00,0.0,2.0488071,3.333863497974237,0.0
2024-02-11 01:00:00,0.0,29.182022,3.334569268311298,0.0
2024-02-11 02:00:00,0.0,29.39127,3.4474909035764694,0.0
2024-02-11 03:00:00,0.0,27.83245,4.851291804372129,0.0
2024-02-11 04:00:00,0.0,-3.4364336,256.3235375493005,0.0
2024-02-11 05:00:00,0.0,1.5066476,345.6689132515572,0.0
2024-02-11 06:00:00,49.5,45.345665,354.9115777442388,232.42529721765166
2024-02-11 07:00:00,236.0,197.81734,350.45265720893195,67.20113371414485
2024-02-11 08:00:00,510.5,532.61414,605.3336359450817,610.0300837486053
2024-02-11 09:00:00,763.5,789.75,763.286051569355,875.400057997002
2024-02-11 10:00:00,930.5,968.9971,848.7303809332421,917.4245766661329
2024-02-11 11:00:00,1026.25,1046.1752,892.8928869818118,959.0577384558012
2024-02-11 12:00:00,984.75,1020.0367,869.4471019150213,937.3503002225754
2024-02-11 13:00:00,827.0,829.2887,786.8709657737601,840.0564675544625
2024-02-11 14:00:00,661.5,727.668,717.7716083453273,779.3489384951065
2024-02-11 15:00:00,565.25,581.62756,569.2184293806183,802.5765626162442
